City,Country,Date,Lat,Lng,Max Temperature (F),Humidity,Cloudiness,Wind Speed
vaini,to,2018-07-27 07:35:51,15.34,74.49,73.56,100.0,88.0,9.98
airai,pw,2018-07-27 07:43:42,-8.93,125.41,78.6,56.0,20.0,1.14
grand haven,us,2018-07-27 07:17:00,43.06,-86.23,66.2,100.0,1.0,12.88
albany,au,2018-07-27 07:11:00,42.65,-73.75,73.4,83.0,20.0,4.7
ushuaia,ar,2018-07-27 07:00:00,-54.81,-68.31,50.0,18.0,0.0,20.8
jamestown,sh,2018-07-27 07:43:15,-33.21,138.6,55.2,63.0,32.0,12.77
port elizabeth,za,2018-07-27 07:12:00,39.31,-74.98,75.2,94.0,1.0,6.17
san antonio,cl,2018-07-27 07:00:00,-33.58,-71.61,48.2,81.0,90.0,2.24
chuy,uy,2018-07-27 07:42:49,-33.69,-53.46,52.77,98.0,88.0,15.68
atuona,pf,2018-07-27 07:42:56,-9.8,-139.03,78.87,100.0,56.0,17.13
mecca,sa,2018-07-27 07:00:00,21.43,39.83,102.2,24.0,0.0,7.63
lavrentiya,ru,2018-07-27 07:40:29,65.58,-170.99,45.93,94.0,92.0,8.3
moss point,us,2018-07-27 07:35:00,30.41,-88.53,82.4,100.0,90.0,3.15
mantua,cu,2018-07-27 07:20:00,45.16,10.79,78.8,61.0,0.0,3.36
zaoyang,cn,2018-07-27 07:45:15,32.12,112.76,77.88,100.0,88.0,5.39
longyearbyen,sj,2018-07-27 07:20:00,78.22,15.63,42.8,81.0,75.0,25.28
vila franca do campo,pt,2018-07-27 07:30:00,37.72,-25.43,69.8,83.0,20.0,13.87
bluff,nz,2018-07-27 07:42:39,-23.58,149.07,69.87,46.0,88.0,4.94
lorengau,pg,2018-07-27 07:42:24,-2.02,147.27,81.3,100.0,56.0,4.61
olinda,br,2018-07-27 07:00:00,-2.03,-79.75,69.8,77.0,75.0,11.41
mitsamiouli,km,2018-07-27 07:00:00,-11.38,43.28,78.8,78.0,75.0,12.75
sao filipe,cv,2018-07-27 07:45:17,14.9,-24.5,73.83,100.0,88.0,9.64
saint-philippe,re,2018-07-27 07:15:00,45.36,-73.48,69.8,88.0,75.0,5.82
castro,cl,2018-07-27 07:40:29,-42.48,-73.76,38.28,100.0,64.0,2.26
barrow,us,2018-07-27 07:42:35,-38.31,-60.23,42.33,91.0,8.0,9.75
torbay,ca,2018-07-27 07:00:00,47.66,-52.73,66.2,100.0,90.0,27.51
bilibino,ru,2018-07-27 07:45:18,68.06,166.44,52.77,88.0,92.0,2.15
ostrovnoy,ru,2018-07-27 07:43:38,68.05,39.51,58.26,77.0,0.0,12.77
alofi,nu,2018-07-27 07:00:00,-19.06,-169.92,73.4,94.0,92.0,9.17
busselton,au,2018-07-27 07:42:34,-33.64,115.35,61.95,100.0,92.0,19.15
hobart,au,2018-07-27 07:00:00,-42.88,147.33,51.8,78.0,20.0,17.22
cururupu,br,2018-07-27 07:45:19,-1.82,-44.87,75.72,94.0,32.0,6.17
akureyri,is,2018-07-27 07:00:00,65.68,-18.09,53.6,81.0,0.0,12.75
haimen,cn,2018-07-27 07:45:19,31.87,121.18,94.35,60.0,8.0,3.94
saint-denis,re,2018-07-27 07:30:00,48.94,2.36,84.2,51.0,0.0,2.24
saskylakh,ru,2018-07-27 07:45:20,71.97,114.09,57.81,77.0,32.0,7.52
qaanaaq,gl,2018-07-27 07:45:20,77.48,-69.36,38.19,90.0,32.0,4.5
kapaa,us,2018-07-27 07:00:00,22.08,-159.32,80.6,88.0,75.0,11.41
punta arenas,cl,2018-07-27 07:00:00,-53.16,-70.91,32.0,88.0,20.0,5.82
rikitea,pf,2018-07-27 07:42:38,-23.12,-134.97,74.1,100.0,64.0,10.42
bradley,us,2018-07-27 07:15:00,41.14,-87.86,66.2,93.0,1.0,4.7
richards bay,za,2018-07-27 07:45:21,-28.77,32.06,73.11,60.0,24.0,12.66
nuevitas,cu,2018-07-27 06:50:00,21.55,-77.27,77.0,94.0,20.0,4.7
varkkallai,in,2018-07-27 07:00:00,8.73,76.71,87.8,66.0,40.0,13.87
new norfolk,au,2018-07-27 07:00:00,-42.78,147.06,51.8,87.0,20.0,17.22
leshukonskoye,ru,2018-07-27 07:45:23,64.9,45.76,67.8,100.0,76.0,5.17
mataura,pf,2018-07-27 07:42:31,-46.19,168.86,42.6,92.0,88.0,14.0
merauke,id,2018-07-27 07:45:23,-8.49,140.4,83.37,65.0,0.0,18.37
lufilufi,ws,2018-07-27 07:45:24,-13.87,-171.6,83.91,95.0,0.0,14.56
avarua,ck,2018-07-27 07:00:00,-21.21,-159.78,73.4,88.0,75.0,9.17
iwaki,jp,2018-07-27 07:00:00,37.05,140.89,75.2,69.0,75.0,8.05
hithadhoo,mv,2018-07-27 07:42:55,-0.6,73.08,84.63,97.0,24.0,20.38
east london,za,2018-07-27 07:04:00,-33.02,27.91,77.0,23.0,0.0,9.17
cabo san lucas,mx,2018-07-27 07:42:37,22.89,-109.91,78.96,100.0,48.0,13.56
portland,au,2018-07-27 06:56:00,45.52,-122.67,73.4,53.0,1.0,6.93
half moon bay,us,2018-07-27 07:41:00,37.46,-122.43,64.4,93.0,90.0,9.17
samarai,pg,2018-07-27 07:45:26,-10.62,150.67,77.25,100.0,88.0,10.09
rantepao,id,2018-07-27 07:45:27,-2.97,119.9,73.11,95.0,68.0,3.15
tuktoyaktuk,ca,2018-07-27 07:42:32,69.44,-133.03,43.86,92.0,80.0,12.55
tiksi,ru,2018-07-27 07:42:41,71.64,128.87,53.58,63.0,0.0,13.22
victoria,sc,2018-07-27 07:00:00,5.28,115.24,93.2,66.0,75.0,3.36
kruisfontein,za,2018-07-27 07:45:28,-34.0,24.73,61.59,85.0,100.0,21.05
berezovka,ru,2018-07-27 07:45:28,57.6,57.31,86.34,39.0,0.0,3.94
hermanus,za,2018-07-27 07:35:52,-34.42,19.24,54.66,97.0,76.0,4.05
komsomolskiy,ru,2018-07-27 07:43:45,67.55,63.78,81.39,42.0,64.0,16.69
douentza,ml,2018-07-27 07:45:29,15.01,-2.95,80.94,88.0,0.0,4.61
ponta do sol,cv,2018-07-27 07:43:14,-20.63,-46.0,43.68,83.0,0.0,2.71
yabrud,sy,2018-07-27 07:00:00,33.97,36.66,80.6,42.0,0.0,4.7
kholodnyy,ru,2018-07-27 07:45:30,62.72,147.95,46.74,99.0,92.0,3.38
batemans bay,au,2018-07-27 07:42:44,-35.71,150.18,52.59,85.0,0.0,5.28
kyaikkami,mm,2018-07-27 07:45:30,16.08,97.57,75.99,100.0,92.0,6.51
iquique,cl,2018-07-27 07:00:00,-20.22,-70.14,59.0,82.0,90.0,1.81
avera,pf,2018-07-27 07:11:00,33.19,-82.53,75.2,100.0,1.0,2.59
ouargaye,bf,2018-07-27 07:45:31,11.5,0.06,76.62,100.0,76.0,6.17
kostino,ru,2018-07-27 07:30:00,41.7,25.3,75.2,78.0,12.0,4.7
georgetown,sh,2018-07-27 06:00:00,6.8,-58.16,75.2,100.0,40.0,3.71
indiana,us,2018-07-27 07:15:00,40.62,-79.15,69.8,88.0,90.0,3.36
zhigansk,ru,2018-07-27 07:42:27,66.77,123.37,66.72,35.0,76.0,5.5
nikolskoye,ru,2018-07-27 07:00:00,59.7,30.79,71.6,78.0,75.0,8.95
karratha,au,2018-07-27 07:45:33,-20.74,116.85,79.77,26.0,0.0,9.75
harper,lr,2018-07-27 07:15:00,30.3,-99.24,78.8,49.0,1.0,6.17
flinders,au,2018-07-27 07:00:00,-34.58,150.85,60.8,36.0,0.0,8.05
khatanga,ru,2018-07-27 07:42:31,71.98,102.47,52.23,73.0,56.0,11.65
hilo,us,2018-07-27 06:53:00,19.71,-155.08,78.8,83.0,75.0,15.46
cabedelo,br,2018-07-27 07:00:00,-6.97,-34.84,71.6,94.0,75.0,11.41
cape town,za,2018-07-27 07:00:00,-33.93,18.42,57.2,71.0,75.0,5.82
port alfred,za,2018-07-27 07:42:49,-33.59,26.89,72.21,57.0,0.0,16.46
mogadishu,so,2018-07-27 07:00:00,2.04,45.34,77.0,88.0,75.0,13.87
tuatapere,nz,2018-07-27 07:43:42,-46.13,167.69,45.84,100.0,56.0,20.15
labuhan,id,2018-07-27 07:46:05,-2.54,115.51,80.13,88.0,76.0,3.15
mayo,ph,2018-07-27 07:00:00,63.59,-135.9,62.6,67.0,75.0,3.36
norman wells,ca,2018-07-27 07:00:00,65.28,-126.83,71.6,64.0,90.0,4.7
gazojak,tm,2018-07-27 07:46:06,41.19,61.4,93.63,27.0,0.0,16.69
awjilah,ly,2018-07-27 07:46:06,29.14,21.3,93.9,33.0,0.0,5.61
tasiilaq,gl,2018-07-27 06:50:00,65.61,-37.64,41.0,86.0,44.0,9.17
belmonte,br,2018-07-27 07:46:07,40.36,-7.35,71.4,64.0,0.0,4.05
narsaq,gl,2018-07-27 06:50:00,60.91,-46.05,42.8,75.0,92.0,1.48
moyale,ke,2018-07-27 07:46:07,3.52,39.05,71.31,77.0,36.0,10.09
provideniya,ru,2018-07-27 07:43:01,64.42,-173.23,45.93,100.0,92.0,10.42
lewisporte,ca,2018-07-27 07:00:00,49.25,-55.06,71.6,83.0,90.0,16.11
gravdal,no,2018-07-27 07:20:00,59.79,5.78,78.8,47.0,0.0,12.75
vila velha,br,2018-07-27 07:00:00,-3.71,-38.6,78.8,78.0,20.0,10.29
onguday,ru,2018-07-27 07:46:08,50.75,86.14,65.55,50.0,32.0,2.15
fortuna,us,2018-07-27 07:30:00,38.18,-1.13,78.8,78.0,40.0,3.36
tezu,in,2018-07-27 07:46:09,27.93,96.16,73.83,89.0,88.0,1.48
kaitangata,nz,2018-07-27 07:42:46,-46.28,169.85,42.78,83.0,0.0,18.25
basco,ph,2018-07-27 07:15:00,40.33,-91.2,64.4,87.0,1.0,4.7
dikson,ru,2018-07-27 07:46:10,73.51,80.55,42.69,100.0,36.0,19.37
jinxiang,cn,2018-07-27 07:46:10,35.07,116.31,84.18,87.0,76.0,4.61
clyde river,ca,2018-07-27 07:00:00,70.47,-68.59,37.4,86.0,90.0,4.7
samarinda,id,2018-07-27 07:46:11,-0.5,117.14,84.09,80.0,92.0,3.04
bredasdorp,za,2018-07-27 07:00:00,-34.53,20.04,57.2,93.0,44.0,3.36
snasa,no,2018-07-27 06:50:00,64.25,12.38,73.4,60.0,0.0,11.41
ribas do rio pardo,br,2018-07-27 07:46:12,-20.45,-53.76,60.06,80.0,0.0,2.93
mount isa,au,2018-07-27 07:00:00,-20.73,139.49,86.0,20.0,40.0,10.29
namatanai,pg,2018-07-27 07:46:12,-3.66,152.44,77.97,100.0,68.0,3.6
madingou,cg,2018-07-27 07:46:12,-4.17,13.56,72.48,85.0,32.0,2.93
bathsheba,bb,2018-07-27 07:00:00,13.22,-59.52,78.8,88.0,75.0,17.22
ruston,us,2018-07-27 07:15:00,32.52,-92.64,82.4,65.0,40.0,2.37
port hardy,ca,2018-07-27 07:35:00,50.7,-127.42,53.6,100.0,90.0,2.24
yining,cn,2018-07-27 07:40:53,29.04,114.56,89.94,59.0,80.0,2.59
khani,ru,2018-07-27 07:00:00,41.96,42.96,84.2,66.0,75.0,8.05
lagoa,pt,2018-07-27 07:30:00,37.14,-8.45,71.6,56.0,0.0,6.93
mar del plata,ar,2018-07-27 07:40:15,-46.43,-67.52,25.77,100.0,0.0,2.82
kolpny,ru,2018-07-27 07:46:15,52.23,37.04,73.29,84.0,100.0,13.33
burgeo,ca,2018-07-27 07:46:15,47.61,-57.61,59.79,85.0,100.0,26.98
puerto ayora,ec,2018-07-27 07:42:27,-0.74,-90.35,70.41,100.0,32.0,14.0
souillac,mu,2018-07-27 07:30:00,45.6,-0.6,73.4,64.0,64.0,6.93
trstena,sk,2018-07-27 07:30:00,49.36,19.61,69.8,77.0,20.0,10.29
graaff-reinet,za,2018-07-27 07:46:16,-32.25,24.53,71.13,26.0,64.0,10.31
cayenne,gf,2018-07-27 07:00:00,4.94,-52.33,73.4,100.0,20.0,2.24
aklavik,ca,2018-07-27 07:39:00,68.22,-135.01,59.0,93.0,90.0,5.82
ancud,cl,2018-07-27 07:42:40,-41.87,-73.83,30.27,78.0,12.0,2.93
lebu,cl,2018-07-27 07:43:26,8.96,38.73,64.02,92.0,48.0,3.83
lagunas,pe,2018-07-27 07:46:17,-5.23,-75.68,71.76,85.0,0.0,2.37
nushki,pk,2018-07-27 07:46:18,29.55,66.02,99.03,16.0,0.0,6.62
cherskiy,ru,2018-07-27 07:43:05,68.75,161.3,47.55,69.0,32.0,11.65
muroto,jp,2018-07-27 07:00:00,33.37,134.14,82.4,65.0,75.0,4.7
primorsk,ru,2018-07-27 07:46:19,60.37,28.62,80.13,58.0,8.0,6.85
bonthe,sl,2018-07-27 07:43:00,7.53,-12.5,77.34,96.0,92.0,4.38
broome,au,2018-07-27 07:20:00,52.47,1.45,75.2,69.0,0.0,6.93
saint-joseph,re,2018-07-27 07:30:00,43.56,6.97,80.6,61.0,0.0,2.24
zhanaozen,kz,2018-07-27 07:46:20,43.35,52.85,96.78,16.0,0.0,12.66
shelburne,ca,2018-07-27 07:00:00,44.08,-80.2,66.2,93.0,90.0,7.96
gonbad-e qabus,ir,2018-07-27 07:46:20,37.25,55.17,94.26,44.0,0.0,6.4
katsuura,jp,2018-07-27 07:00:00,33.93,134.5,91.4,52.0,20.0,4.7
kavieng,pg,2018-07-27 07:42:58,-2.57,150.8,78.51,100.0,80.0,4.38
areosa,pt,2018-07-27 07:30:00,41.72,-8.86,64.4,93.0,90.0,3.36
coihaique,cl,2018-07-27 07:00:00,-45.58,-72.07,26.6,92.0,68.0,5.82
charters towers,au,2018-07-27 07:46:21,-20.07,146.27,65.01,69.0,0.0,7.63
upernavik,gl,2018-07-27 07:42:39,72.79,-56.15,37.47,98.0,68.0,16.69
naze,jp,2018-07-27 07:43:02,5.43,7.07,73.83,100.0,92.0,4.16
mackay,au,2018-07-27 07:00:00,53.65,-115.58,51.8,100.0,1.0,3.36
grande prairie,ca,2018-07-27 07:00:00,55.17,-118.79,59.0,87.0,40.0,5.82
payyannur,in,2018-07-27 07:46:23,12.1,75.2,76.17,100.0,48.0,8.08
arraial do cabo,br,2018-07-27 07:43:20,-22.97,-42.02,68.25,99.0,0.0,11.77
kathmandu,np,2018-07-27 07:20:00,27.71,85.32,82.4,65.0,75.0,5.82
igrim,ru,2018-07-27 07:46:23,63.19,64.42,79.77,60.0,20.0,3.94
carutapera,br,2018-07-27 07:46:24,-1.2,-46.02,77.25,92.0,0.0,7.4
el penon,co,2018-07-27 07:46:24,20.26,-97.43,76.89,95.0,20.0,1.48
yellowknife,ca,2018-07-27 07:00:00,62.45,-114.38,64.4,77.0,20.0,4.7
carnarvon,au,2018-07-27 07:35:52,-30.97,22.13,56.64,36.0,0.0,12.44
san andres,co,2018-07-27 07:46:25,13.32,122.68,79.77,100.0,76.0,15.79
butaritari,ki,2018-07-27 07:38:59,3.07,172.79,84.63,100.0,0.0,6.4
kouroussa,gn,2018-07-27 07:46:25,10.65,-9.88,77.79,71.0,44.0,12.66
wakkanai,jp,2018-07-27 07:00:00,45.41,141.67,77.0,83.0,75.0,9.17
kodiak,us,2018-07-27 06:53:00,39.95,-94.76,69.8,77.0,90.0,2.93
anadyr,ru,2018-07-27 07:00:00,64.73,177.51,51.8,93.0,90.0,24.61
kudahuvadhoo,mv,2018-07-27 07:46:26,2.67,72.89,84.45,98.0,24.0,18.48
verkhnyaya inta,ru,2018-07-27 07:46:27,65.99,60.32,80.58,48.0,0.0,5.5
muisne,ec,2018-07-27 07:46:27,0.61,-80.02,71.31,93.0,68.0,4.38
husavik,is,2018-07-27 07:42:46,50.56,-96.99,59.25,90.0,20.0,7.4
kamaishi,jp,2018-07-27 07:00:00,39.28,141.86,84.2,54.0,20.0,13.87
coahuayana,mx,2018-07-27 07:46:28,18.62,-100.35,63.21,92.0,64.0,2.37
lithakia,gr,2018-07-27 07:20:00,37.72,20.83,80.6,74.0,20.0,3.36
humaita,br,2018-07-27 07:00:00,-24.93,-65.37,32.0,94.0,0.0,2.15
saint george,bm,2018-07-27 07:20:00,39.45,22.34,82.4,61.0,20.0,8.05
marzuq,ly,2018-07-27 07:46:59,14.4,46.47,95.97,23.0,0.0,4.61
anito,ph,2018-07-27 07:47:00,12.45,125.29,84.45,96.0,56.0,15.9
ust-maya,ru,2018-07-27 07:47:00,60.42,134.54,71.94,56.0,80.0,3.38
alta,no,2018-07-27 07:20:00,69.97,23.27,64.4,63.0,0.0,4.7
chiang mai,th,2018-07-27 07:00:00,18.79,98.99,84.2,70.0,75.0,3.6
show low,us,2018-07-27 07:35:00,34.25,-110.03,75.2,56.0,1.0,6.93
westport,nz,2018-07-27 07:00:00,53.8,-9.52,55.4,100.0,75.0,9.17
mahebourg,mu,2018-07-27 07:00:00,-20.41,57.7,75.2,47.0,40.0,10.29
jiaocheng,cn,2018-07-27 07:47:02,24.68,116.14,91.92,52.0,76.0,2.48
jian,cn,2018-07-27 07:47:02,25.65,87.89,88.05,83.0,44.0,8.63
koumac,nc,2018-07-27 07:47:03,-20.56,164.28,70.32,84.0,24.0,7.18
lasa,cn,2018-07-27 07:30:00,34.92,32.53,86.0,58.0,20.0,11.41
pierre,us,2018-07-27 06:53:00,44.37,-100.35,57.2,82.0,1.0,3.36
dingle,ie,2018-07-27 07:47:03,11.0,122.67,79.77,85.0,76.0,12.1
inyonga,tz,2018-07-27 07:47:04,-6.72,32.06,71.94,46.0,92.0,7.85
kon tum,vn,2018-07-27 07:47:04,14.36,108.0,75.81,80.0,92.0,3.38
klaksvik,fo,2018-07-27 07:20:00,62.23,-6.59,62.6,82.0,68.0,14.99
dali,cn,2018-07-27 07:47:05,25.6,100.24,69.24,88.0,88.0,2.26
chumikan,ru,2018-07-27 07:47:05,54.72,135.31,72.93,66.0,0.0,5.73
pisco,pe,2018-07-27 07:00:00,-13.71,-76.2,57.2,87.0,24.0,3.71
kachiry,kz,2018-07-27 07:47:06,53.07,76.1,79.59,41.0,0.0,14.9
nago,jp,2018-07-27 07:20:00,45.88,10.89,78.8,61.0,0.0,3.36
loei,th,2018-07-27 07:00:00,17.49,101.72,86.0,66.0,75.0,3.36
wukari,ng,2018-07-27 07:47:07,7.87,9.78,72.93,100.0,100.0,9.53
udhampur,in,2018-07-27 07:47:07,32.92,75.13,77.25,83.0,20.0,2.15
itarema,br,2018-07-27 07:47:07,-2.92,-39.92,76.44,89.0,0.0,11.43
aykhal,ru,2018-07-27 07:47:08,65.95,111.51,62.76,50.0,88.0,6.62
phan thiet,vn,2018-07-27 07:47:08,10.93,108.1,82.65,91.0,24.0,11.32
saint-pierre,pm,2018-07-27 07:30:00,48.95,4.24,84.2,39.0,0.0,9.17
bushehr,ir,2018-07-27 07:00:00,28.97,50.84,98.6,44.0,0.0,9.17
isangel,vu,2018-07-27 07:47:09,-19.55,169.27,74.37,99.0,56.0,14.79
inhambane,mz,2018-07-27 07:00:00,-23.87,35.38,71.6,73.0,40.0,5.17
hortobagy,hu,2018-07-27 07:15:00,47.58,21.15,78.8,57.0,0.0,10.29
gemena,cd,2018-07-27 07:47:10,3.25,19.78,79.59,81.0,64.0,2.93
arman,ru,2018-07-27 07:00:00,59.7,150.17,62.6,88.0,90.0,4.47
bar harbor,us,2018-07-27 06:56:00,44.39,-68.2,66.2,100.0,90.0,6.93
port lincoln,au,2018-07-27 07:47:11,-34.72,135.86,57.0,97.0,0.0,8.19
manadhoo,mv,2018-07-27 07:47:11,5.77,73.38,83.73,97.0,0.0,18.92
ilo,pe,2018-07-27 07:47:11,-17.65,-71.34,50.43,100.0,24.0,1.7
manaure,co,2018-07-27 07:47:12,11.78,-72.45,80.67,91.0,0.0,19.04
fairbanks,us,2018-07-27 06:58:00,64.84,-147.72,66.2,63.0,20.0,3.36
bagojo,mx,2018-07-27 07:47:12,25.87,-109.12,84.09,79.0,32.0,5.61
el alto,pe,2018-07-27 07:00:00,-16.5,-68.19,33.8,50.0,0.0,4.7
thayetmyo,mm,2018-07-27 07:47:13,19.32,95.18,76.98,98.0,92.0,6.62
brooks,ca,2018-07-27 07:47:13,50.57,-111.89,55.38,88.0,20.0,2.93
lakota,ci,2018-07-27 06:56:00,48.04,-98.34,53.6,93.0,1.0,5.82
lichinga,mz,2018-07-27 07:47:14,-13.3,35.25,70.05,57.0,0.0,5.61
le vauclin,mq,2018-07-27 07:00:00,14.55,-60.84,78.8,83.0,75.0,12.75
mogzon,ru,2018-07-27 07:47:15,51.74,111.97,59.52,88.0,68.0,5.39
bullhead city,us,2018-07-27 07:35:00,35.15,-114.57,105.8,21.0,1.0,8.05
noshiro,jp,2018-07-27 07:00:00,40.21,140.05,89.6,52.0,20.0,4.7
aquiraz,br,2018-07-27 07:00:00,-3.9,-38.39,78.8,78.0,20.0,10.29
faanui,pf,2018-07-27 07:47:16,-16.48,-151.75,79.86,100.0,64.0,17.25
makakilo city,us,2018-07-27 06:57:00,21.35,-158.09,80.6,69.0,75.0,5.82
noumea,nc,2018-07-27 07:30:00,-22.28,166.46,69.8,73.0,20.0,6.93
opochka,ru,2018-07-27 07:47:17,56.71,28.66,75.54,82.0,68.0,12.55
palana,ru,2018-07-27 07:47:17,59.08,159.95,52.32,97.0,92.0,9.98
vaasa,fi,2018-07-27 07:20:00,63.1,21.62,75.2,60.0,0.0,9.17
yichang,cn,2018-07-27 07:47:18,30.77,111.32,86.88,85.0,68.0,0.47
montefiascone,it,2018-07-27 06:55:00,42.54,12.04,71.6,68.0,0.0,4.27
khorixas,na,2018-07-27 07:47:18,-20.37,14.96,71.4,26.0,0.0,4.38
juigalpa,ni,2018-07-27 07:47:19,12.1,-85.37,76.08,89.0,32.0,10.54
jutai,br,2018-07-27 07:47:19,-1.71,-47.89,74.73,93.0,0.0,5.39
kongolo,cd,2018-07-27 07:47:20,-5.39,27.0,88.86,32.0,80.0,4.38
marabba,sd,2018-07-27 07:47:20,12.35,32.18,93.54,41.0,44.0,7.07
kirkenaer,no,2018-07-27 07:47:20,60.46,12.06,78.96,45.0,0.0,4.16
champerico,gt,2018-07-27 07:47:21,16.38,-93.6,70.86,94.0,68.0,1.36
faya,td,2018-07-27 07:00:00,18.39,42.45,86.0,18.0,5.0,5.82
kenosha,us,2018-07-27 07:15:00,42.58,-87.82,64.4,93.0,1.0,6.93
caravelas,br,2018-07-27 07:47:21,-17.73,-39.27,75.72,100.0,48.0,10.87
carlyle,ca,2018-07-27 07:00:00,49.63,-102.27,48.2,93.0,75.0,5.82
yatou,cn,2018-07-27 07:00:00,3.63,9.81,75.2,100.0,75.0,2.24
pyapon,mm,2018-07-27 07:47:22,16.29,95.68,84.36,85.0,100.0,13.89
pimentel,pe,2018-07-27 07:47:23,-3.7,-45.5,70.77,98.0,36.0,4.05
bethel,us,2018-07-27 06:53:00,60.79,-161.76,57.2,93.0,20.0,3.36
pangai,to,2018-07-27 07:47:24,-19.8,-174.35,75.45,100.0,0.0,12.77
cam ranh,vn,2018-07-27 07:43:46,11.92,109.15,81.93,94.0,56.0,3.6
rio verde de mato grosso,br,2018-07-27 07:47:24,-18.92,-54.84,55.2,84.0,0.0,2.48
deputatskiy,ru,2018-07-27 07:47:25,69.3,139.9,42.33,70.0,80.0,8.63
nicoya,cr,2018-07-27 07:47:25,10.15,-85.45,73.65,93.0,8.0,7.4
corinto,co,2018-07-27 07:47:25,-18.36,-44.46,53.04,91.0,0.0,3.6
fukue,jp,2018-07-27 07:00:00,35.03,136.69,87.8,66.0,20.0,16.11
sazonovo,ru,2018-07-27 07:47:26,54.2,39.81,79.59,67.0,92.0,4.72
phuket,th,2018-07-27 07:00:00,7.89,98.4,87.8,78.0,75.0,10.29
aswan,eg,2018-07-27 07:45:54,24.09,32.9,109.38,16.0,0.0,8.41
hami,cn,2018-07-27 07:47:27,42.84,93.51,85.26,33.0,92.0,12.66
fare,pf,2018-07-27 07:47:27,-16.7,-151.02,79.59,98.0,36.0,15.9
abbeville,us,2018-07-27 07:30:00,50.11,1.83,78.8,78.0,0.0,3.36
birnin kebbi,ng,2018-07-27 07:47:28,12.45,4.2,81.75,87.0,36.0,11.99
sept-iles,ca,2018-07-27 07:00:00,50.2,-66.38,59.0,93.0,40.0,2.24
cardenas,mx,2018-07-27 07:47:58,27.62,-110.24,76.8,92.0,64.0,3.94
geraldton,au,2018-07-27 07:00:00,49.72,-86.95,50.0,93.0,90.0,8.05
kahului,us,2018-07-27 07:25:00,20.89,-156.47,78.8,88.0,75.0,4.7
olkusz,pl,2018-07-27 07:30:00,50.28,19.56,69.8,83.0,40.0,1.12
mocajuba,br,2018-07-27 07:47:59,-2.58,-49.5,73.65,94.0,24.0,3.38
denia,es,2018-07-27 07:48:00,38.84,0.11,78.24,93.0,0.0,0.81
romulus,us,2018-07-27 07:18:00,42.22,-83.4,66.2,82.0,1.0,3.36
eldorado,mx,2018-07-27 07:44:15,24.32,-107.36,80.67,89.0,0.0,2.71
jachymov,cz,2018-07-27 07:30:00,50.36,12.93,75.2,53.0,20.0,10.29
jaguaribe,br,2018-07-27 07:48:01,-5.88,-38.62,75.27,59.0,0.0,11.43
mosjoen,no,2018-07-27 07:20:00,65.84,13.19,77.0,56.0,0.0,3.36
tianpeng,cn,2018-07-27 07:48:02,28.88,112.34,88.41,80.0,24.0,6.4
puerto madryn,ar,2018-07-27 07:48:02,-42.77,-65.04,48.09,96.0,36.0,16.02
tokur,ru,2018-07-27 07:48:02,53.13,132.9,75.09,61.0,0.0,2.26
gat,ly,2018-07-27 07:48:02,14.69,-16.54,78.87,76.0,20.0,8.75
sola,vu,2018-07-27 07:20:00,58.89,5.65,80.6,42.0,0.0,17.22
rio gallegos,ar,2018-07-27 07:00:00,-51.62,-69.22,37.4,92.0,0.0,8.05
anloga,gh,2018-07-27 07:00:00,5.79,0.9,75.2,94.0,40.0,6.93
buloh kasap,my,2018-07-27 07:00:00,2.55,102.76,89.6,62.0,75.0,8.05
ust-ilimsk,ru,2018-07-27 07:48:04,57.96,102.73,64.47,61.0,44.0,6.17
petropavlovsk-kamchatskiy,ru,2018-07-27 07:00:00,53.05,158.65,69.8,77.0,40.0,8.95
russell,nz,2018-07-27 07:00:00,-33.01,-68.8,35.6,74.0,0.0,2.48
lingsugur,in,2018-07-27 07:48:05,16.17,76.52,86.07,61.0,24.0,15.68
camacha,pt,2018-07-27 07:30:00,33.08,-16.33,71.6,78.0,75.0,10.29
ewa beach,us,2018-07-27 07:41:00,21.32,-158.01,80.6,78.0,75.0,13.67
maxixe,mz,2018-07-27 07:00:00,-23.86,35.35,71.6,73.0,40.0,5.17
biak,id,2018-07-27 07:48:07,-0.91,122.88,79.68,89.0,92.0,4.83
sorland,no,2018-07-27 06:50:00,67.67,12.69,66.2,82.0,0.0,20.8
rawson,ar,2018-07-27 07:48:07,-43.3,-65.11,43.32,96.0,32.0,12.66
margate,za,2018-07-27 07:00:00,-43.03,147.26,51.8,98.0,20.0,17.22
mogwase,za,2018-07-27 07:48:08,-25.28,27.22,66.99,35.0,8.0,7.74
mkuranga,tz,2018-07-27 07:00:00,-7.12,39.21,78.8,78.0,75.0,13.87
isla vista,us,2018-07-27 07:35:00,34.41,-119.86,62.6,87.0,1.0,3.36
padang,id,2018-07-27 07:48:09,-0.92,100.36,78.42,100.0,48.0,11.65
emba,kz,2018-07-27 07:30:00,34.81,32.42,86.0,58.0,20.0,11.41
suratgarh,in,2018-07-27 07:48:09,29.32,73.9,95.79,66.0,88.0,4.5
cheremukhovo,ru,2018-07-27 07:48:10,56.23,46.23,85.17,61.0,0.0,4.16
cockburn town,bs,2018-07-27 07:48:10,21.46,-71.14,81.93,99.0,80.0,19.82
jalu,ly,2018-07-27 07:48:10,29.03,21.55,93.27,38.0,0.0,6.29
vostok,ru,2018-07-27 07:48:10,46.45,135.83,68.43,100.0,92.0,2.04
garissa,ke,2018-07-27 07:48:11,-0.46,39.64,86.43,51.0,0.0,15.23
necochea,ar,2018-07-27 07:48:11,-38.55,-58.74,47.01,96.0,48.0,10.76
mahon,es,2018-07-27 07:00:00,51.89,-8.4,57.2,93.0,75.0,4.7
vigrestad,no,2018-07-27 07:20:00,58.57,5.7,80.6,42.0,0.0,17.22
monte plata,do,2018-07-27 07:00:00,18.81,-69.79,77.0,94.0,40.0,4.7
ostersund,se,2018-07-27 07:20:00,63.18,14.64,68.0,72.0,75.0,10.29
varhaug,no,2018-07-27 07:20:00,58.61,5.65,80.6,42.0,0.0,17.22
yeppoon,au,2018-07-27 07:00:00,-23.13,150.74,71.6,56.0,90.0,4.7
akividu,in,2018-07-27 07:00:00,16.58,81.37,93.2,52.0,75.0,17.22
camocim,br,2018-07-27 07:48:14,-2.9,-40.84,75.54,91.0,0.0,10.09
muros,es,2018-07-27 07:30:00,42.77,-9.06,60.8,100.0,75.0,3.36
nome,us,2018-07-27 07:15:00,30.04,-94.42,77.0,88.0,1.0,5.17
shimoda,jp,2018-07-27 07:00:00,34.7,138.93,82.4,69.0,75.0,13.87
sousa,br,2018-07-27 07:00:00,35.69,140.55,80.6,61.0,75.0,12.75
hambantota,lk,2018-07-27 07:48:16,6.12,81.12,85.53,84.0,32.0,21.05
paragominas,br,2018-07-27 07:48:16,-3.0,-47.35,72.03,95.0,0.0,4.72
kloulklubed,pw,2018-07-27 06:52:00,7.04,134.26,87.8,74.0,75.0,9.17
dunedin,nz,2018-07-27 07:47:52,-45.87,170.5,40.89,68.0,0.0,11.32
belaya gora,ru,2018-07-27 07:48:17,68.54,146.19,48.72,64.0,88.0,4.16
iqaluit,ca,2018-07-27 07:00:00,63.75,-68.52,37.4,86.0,75.0,6.93
lompoc,us,2018-07-27 07:38:00,34.64,-120.46,57.2,100.0,90.0,5.82
trat,th,2018-07-27 07:00:00,12.25,102.51,86.0,79.0,40.0,16.11
san vicente,ph,2018-07-27 06:50:00,13.64,-88.78,77.0,88.0,20.0,3.36
verkh-usugli,ru,2018-07-27 07:48:18,52.7,115.17,62.58,72.0,92.0,4.83
willowmore,za,2018-07-27 07:48:19,-33.3,23.49,54.84,83.0,80.0,3.27
inta,ru,2018-07-27 07:48:19,66.04,60.13,81.21,44.0,0.0,5.73
laguna,br,2018-07-27 07:48:19,27.52,-110.01,76.89,96.0,88.0,3.15
rzhaksa,ru,2018-07-27 07:48:20,52.14,42.03,82.02,70.0,88.0,9.19
pevek,ru,2018-07-27 07:48:20,69.7,170.27,44.85,94.0,92.0,5.73
gondanglegi,id,2018-07-27 07:48:20,-7.75,112.01,84.81,48.0,12.0,11.99
togur,ru,2018-07-27 07:48:20,58.36,82.83,63.84,59.0,48.0,11.77
tingo maria,pe,2018-07-27 07:48:21,-9.29,-76.01,57.27,82.0,0.0,1.59
rosarito,mx,2018-07-27 07:47:23,4.91,-75.23,62.31,83.0,12.0,4.16
marawi,sd,2018-07-27 07:48:22,8.0,124.29,79.86,58.0,24.0,4.38
kimbe,pg,2018-07-27 07:48:22,-5.56,150.15,80.31,100.0,56.0,7.18
hervey bay,au,2018-07-27 07:48:22,-25.3,152.85,66.09,97.0,0.0,3.94
te karaka,nz,2018-07-27 07:48:22,-38.47,177.87,44.13,88.0,48.0,6.29
gora kalwaria,pl,2018-07-27 07:30:00,51.98,21.22,80.6,61.0,20.0,6.93
sioux lookout,ca,2018-07-27 07:00:00,50.1,-91.92,48.2,100.0,75.0,3.36
gusinoye ozero,ru,2018-07-27 07:48:23,51.11,106.26,64.92,73.0,24.0,2.93
brae,gb,2018-07-27 07:20:00,60.4,-1.35,64.4,82.0,20.0,23.04
mumford,gh,2018-07-27 07:48:24,5.26,-0.76,77.7,92.0,64.0,7.4
revda,ru,2018-07-27 07:48:24,67.94,34.55,57.81,76.0,20.0,3.15
matara,lk,2018-07-27 07:48:25,-13.74,-72.9,28.11,95.0,0.0,2.93
gland,ch,2018-07-27 07:30:00,46.42,6.27,77.0,57.0,0.0,3.36
kalanchak,ua,2018-07-27 07:48:25,46.26,33.28,79.68,95.0,12.0,9.19
acapulco,mx,2018-07-27 06:47:00,16.86,-99.88,82.4,88.0,40.0,4.94
san patricio,mx,2018-07-27 07:48:57,-26.98,-56.83,42.33,89.0,0.0,3.6
santa maria,cv,2018-07-27 07:48:58,-29.69,-53.81,37.83,87.0,68.0,2.71
puquio,pe,2018-07-27 07:48:58,-14.69,-74.12,32.61,81.0,20.0,2.37
elko,us,2018-07-27 06:56:00,40.83,-115.76,73.4,25.0,1.0,3.36
kasongo-lunda,cd,2018-07-27 07:48:59,-6.48,16.82,77.16,64.0,0.0,3.15
wanaka,nz,2018-07-27 07:48:59,-44.7,169.14,36.66,68.0,0.0,5.17
geilo,no,2018-07-27 07:49:00,60.53,8.21,68.79,50.0,20.0,3.38
nongstoin,in,2018-07-27 07:49:00,25.52,91.27,80.31,91.0,76.0,2.48
kavaratti,in,2018-07-27 07:49:00,10.57,72.64,82.02,98.0,68.0,18.92
bama,ng,2018-07-27 07:49:01,24.14,107.25,78.51,89.0,80.0,4.61
kenai,us,2018-07-27 06:56:00,60.55,-151.26,60.8,87.0,90.0,5.82
san cristobal,ec,2018-07-27 07:00:00,-0.39,-78.55,46.4,93.0,75.0,1.12
smithers,ca,2018-07-27 07:00:00,54.78,-127.17,62.6,72.0,1.0,1.7
poum,nc,2018-07-27 07:30:00,41.28,20.71,69.8,73.0,75.0,1.81
lakatoro,vu,2018-07-27 07:49:02,-16.11,167.42,77.79,84.0,36.0,9.64
kutum,sd,2018-07-27 07:49:03,14.2,24.66,86.79,43.0,0.0,5.73
bambous virieux,mu,2018-07-27 07:00:00,-20.34,57.76,75.2,47.0,40.0,10.29
zyryanka,ru,2018-07-27 07:49:03,65.73,150.89,44.49,91.0,92.0,7.29
thompson,ca,2018-07-27 07:00:00,55.74,-97.86,53.6,93.0,5.0,5.95
comodoro rivadavia,ar,2018-07-27 07:00:00,-45.87,-67.48,39.2,64.0,0.0,8.05
yulara,au,2018-07-27 07:00:00,-25.24,130.99,69.8,30.0,0.0,6.93
lodja,cd,2018-07-27 07:49:05,-3.52,23.6,87.87,37.0,48.0,3.38
ilulissat,gl,2018-07-27 07:49:05,69.22,-51.1,36.84,100.0,92.0,4.05
teguise,es,2018-07-27 07:30:00,29.06,-13.56,71.6,68.0,75.0,19.46
lucea,jm,2018-07-27 07:00:00,18.44,-78.17,80.6,69.0,20.0,5.82
kosh-agach,ru,2018-07-27 07:49:07,49.99,88.66,58.53,57.0,56.0,4.94
tabuk,sa,2018-07-27 07:49:08,17.41,121.44,74.55,88.0,100.0,1.92
antalaha,mg,2018-07-27 07:49:08,-14.9,50.28,72.03,99.0,48.0,10.98
bayan,kw,2018-07-27 07:49:08,47.25,107.54,72.39,65.0,12.0,7.18
palanga,lt,2018-07-27 07:49:09,44.45,25.08,80.94,70.0,48.0,4.61
chirala,in,2018-07-27 07:49:09,15.82,80.35,85.62,93.0,56.0,11.77
lalmohan,bd,2018-07-27 07:49:09,22.34,90.74,81.66,100.0,76.0,11.99
bilma,ne,2018-07-27 07:49:09,18.69,12.92,102.45,17.0,56.0,9.42
powell river,ca,2018-07-27 07:00:00,49.84,-124.52,71.6,56.0,5.0,13.87
banda aceh,id,2018-07-27 07:44:19,5.56,95.32,76.26,99.0,92.0,3.15
kyren,ru,2018-07-27 07:49:10,51.68,102.13,59.25,61.0,48.0,1.92
mildura,au,2018-07-27 07:46:51,-34.18,142.16,57.99,64.0,92.0,6.73
quthing,ls,2018-07-27 07:49:11,-30.4,27.7,57.36,38.0,0.0,8.97
almaznyy,ru,2018-07-27 07:49:11,48.03,40.04,89.4,38.0,0.0,13.67
mareeba,au,2018-07-27 07:00:00,-16.99,145.42,77.0,53.0,20.0,10.29
constitucion,mx,2018-07-27 07:49:12,23.99,-104.67,66.81,72.0,64.0,3.83
coffs harbour,au,2018-07-27 07:00:00,-30.3,153.13,64.4,72.0,0.0,5.82
havre-saint-pierre,ca,2018-07-27 07:35:00,50.23,-63.6,62.6,100.0,90.0,3.36
obo,cf,2018-07-27 07:49:12,5.39,26.49,76.17,99.0,76.0,5.28
nadym,ru,2018-07-27 07:49:13,65.53,72.51,72.03,67.0,68.0,12.21
mandurah,au,2018-07-27 07:00:00,-32.55,115.7,57.2,100.0,75.0,12.75
svay rieng,kh,2018-07-27 07:49:13,11.08,105.8,86.79,72.0,56.0,18.14
thunder bay,ca,2018-07-27 07:00:00,48.41,-89.26,53.6,81.0,75.0,6.93
inongo,cd,2018-07-27 07:49:14,-1.93,18.29,81.84,71.0,36.0,4.5
linxia,cn,2018-07-27 07:49:14,35.6,103.21,72.39,76.0,8.0,6.06
venado tuerto,ar,2018-07-27 07:49:14,-33.75,-61.97,50.43,99.0,92.0,3.27
gornyy,ru,2018-07-27 07:49:15,51.76,48.54,90.48,30.0,92.0,8.75
ust-karsk,ru,2018-07-27 07:49:15,52.71,118.82,81.57,51.0,76.0,5.17
karasjok,no,2018-07-27 07:20:00,69.47,25.52,64.4,63.0,0.0,13.87
henties bay,na,2018-07-27 07:44:27,-22.12,14.28,60.42,89.0,8.0,3.71
codrington,ag,2018-07-27 07:49:16,-28.95,153.24,59.25,68.0,0.0,5.28
boromo,bf,2018-07-27 07:49:16,11.74,-2.93,75.45,99.0,68.0,6.62
kamenka,ru,2018-07-27 07:49:16,53.19,44.05,83.19,71.0,44.0,8.41
tabou,ci,2018-07-27 07:49:17,4.42,-7.36,77.61,100.0,68.0,6.17
broken hill,au,2018-07-27 07:49:17,-31.97,141.45,59.34,57.0,24.0,17.02
high level,ca,2018-07-27 07:00:00,58.52,-117.13,60.8,82.0,20.0,2.71
kulhudhuffushi,mv,2018-07-27 07:49:18,6.62,73.07,83.01,98.0,92.0,18.25
haines junction,ca,2018-07-27 07:49:18,60.75,-137.51,49.44,87.0,0.0,2.04
porto novo,cv,2018-07-27 07:00:00,-23.68,-45.44,55.4,93.0,20.0,1.12
ribeira grande,pt,2018-07-27 07:30:00,38.52,-28.7,69.8,88.0,75.0,1.12
northam,au,2018-07-27 06:50:00,51.04,-4.21,68.0,93.0,40.0,5.82
hirara,jp,2018-07-27 07:00:00,24.8,125.28,87.8,70.0,20.0,9.17
ulaangom,mn,2018-07-27 07:49:20,49.98,92.07,60.78,52.0,12.0,3.04
virginia beach,us,2018-07-27 07:15:00,36.85,-75.98,78.8,88.0,1.0,5.82
opuwo,na,2018-07-27 07:49:20,-18.06,13.84,70.59,26.0,0.0,4.16
mana,gf,2018-07-27 07:30:00,43.52,20.24,73.4,78.0,40.0,1.12
camargo,mx,2018-07-27 07:49:21,27.69,-105.17,73.56,44.0,36.0,6.73
dhidhdhoo,mv,2018-07-27 07:49:21,6.88,73.1,83.01,98.0,92.0,18.25
buchanan,lr,2018-07-27 07:00:00,5.88,-10.05,75.2,94.0,75.0,1.36
panzhihua,cn,2018-07-27 07:49:22,26.59,101.72,77.07,74.0,44.0,2.93
okhotsk,ru,2018-07-27 07:49:22,59.36,143.24,65.91,79.0,0.0,4.5
miandrivazo,mg,2018-07-27 07:49:23,-19.53,45.46,86.07,31.0,0.0,3.94
qasigiannguit,gl,2018-07-27 07:49:23,68.82,-51.19,36.84,100.0,92.0,4.05
pitimbu,br,2018-07-27 07:00:00,-7.47,-34.81,71.6,94.0,75.0,11.41
dzaoudzi,yt,2018-07-27 07:00:00,-12.79,45.27,82.4,65.0,40.0,9.17
nara,ml,2018-07-27 07:00:00,34.68,135.8,89.6,55.0,20.0,10.29
gao,ml,2018-07-27 07:49:24,16.28,-0.04,79.77,98.0,56.0,10.54
luderitz,na,2018-07-27 07:49:25,-26.65,15.16,58.08,88.0,24.0,8.63
ahipara,nz,2018-07-27 07:49:25,-35.17,173.16,55.38,90.0,68.0,12.66
cidreira,br,2018-07-27 07:49:25,-30.17,-50.22,55.29,100.0,92.0,5.61
coquimbo,cl,2018-07-27 07:00:00,-29.95,-71.34,50.0,81.0,90.0,4.7
svetlogorsk,ru,2018-07-27 07:00:00,53.14,59.15,82.4,34.0,75.0,6.71
murgab,tm,2018-07-27 07:00:00,37.5,61.97,91.4,17.0,0.0,9.17
rorvik,no,2018-07-27 07:20:00,64.86,11.24,75.2,53.0,0.0,8.05
vesoul,fr,2018-07-27 07:30:00,47.62,6.16,78.8,54.0,0.0,4.7
yar-sale,ru,2018-07-27 07:49:57,66.83,70.83,72.12,63.0,12.0,7.63
lolodorf,cm,2018-07-27 07:49:57,3.23,10.73,68.88,100.0,92.0,2.71
darnah,ly,2018-07-27 07:49:58,32.77,22.64,79.59,95.0,0.0,11.77
ankang,cn,2018-07-27 07:49:58,32.73,108.99,81.48,73.0,44.0,2.48
sur,om,2018-07-27 07:49:58,22.57,59.53,92.19,74.0,48.0,4.05
ciudad bolivar,ve,2018-07-27 07:49:58,8.12,-63.55,74.1,92.0,0.0,7.63
gorontalo,id,2018-07-27 07:49:59,0.54,123.06,84.63,65.0,56.0,3.04
guerrero negro,mx,2018-07-27 07:49:59,27.97,-114.04,69.33,96.0,8.0,6.51
goirle,nl,2018-07-27 07:25:00,51.52,5.07,84.2,39.0,90.0,9.17
marrakesh,ma,2018-07-27 07:30:00,31.63,-7.99,66.2,77.0,0.0,5.82
puerto escondido,mx,2018-07-27 07:50:00,15.86,-97.07,86.61,100.0,0.0,5.73
sungaipenuh,id,2018-07-27 07:50:00,-2.08,101.38,73.47,86.0,68.0,1.36
pringsewu,id,2018-07-27 07:50:01,-5.36,104.98,89.76,40.0,0.0,3.94
meulaboh,id,2018-07-27 07:50:01,4.14,96.13,79.59,100.0,92.0,7.74
leningradskiy,ru,2018-07-27 07:50:01,69.38,178.42,35.85,96.0,92.0,5.95
dauriya,ru,2018-07-27 07:50:02,49.93,116.85,86.97,34.0,12.0,14.34
dukat,ru,2018-07-27 07:50:02,42.44,22.31,64.47,95.0,80.0,2.59
sobolevo,ru,2018-07-27 07:50:02,54.43,31.9,73.47,92.0,56.0,15.35
progress,us,2018-07-27 07:50:03,49.74,129.68,79.86,70.0,0.0,2.82
broadstairs,gb,2018-07-27 07:20:00,51.36,1.44,78.8,54.0,20.0,3.36
erenhot,cn,2018-07-27 07:50:03,43.65,111.97,90.75,46.0,20.0,6.17
naron,es,2018-07-27 07:30:00,43.52,-8.15,64.4,93.0,40.0,5.82
bagdarin,ru,2018-07-27 07:50:04,54.44,113.59,61.86,69.0,0.0,4.16
marystown,ca,2018-07-27 07:46:44,47.17,-55.16,62.76,87.0,92.0,19.04
qaqortoq,gl,2018-07-27 06:50:00,60.72,-46.03,42.8,75.0,92.0,1.59
shenxian,cn,2018-07-27 07:50:04,36.24,115.67,90.21,67.0,68.0,3.94
kieta,pg,2018-07-27 07:50:05,-6.22,155.63,78.33,100.0,100.0,4.38
mahibadhoo,mv,2018-07-27 07:50:05,3.78,72.97,84.09,97.0,12.0,18.81
marienburg,sr,2018-07-27 07:20:00,52.12,9.98,80.6,53.0,0.0,8.05
tuy hoa,vn,2018-07-27 07:50:06,13.08,109.3,89.49,67.0,44.0,9.42
cobija,bo,2018-07-27 07:50:06,-11.02,-68.77,61.32,82.0,0.0,3.6
traverse city,us,2018-07-27 07:15:00,44.76,-85.62,62.6,93.0,75.0,3.36
bandarbeyla,so,2018-07-27 07:50:07,9.49,50.81,80.49,71.0,24.0,24.29
mandalgovi,mn,2018-07-27 07:50:07,45.76,106.27,83.46,37.0,0.0,12.66
lixourion,gr,2018-07-27 07:20:00,38.2,20.43,80.6,73.0,20.0,6.4
san policarpo,ph,2018-07-27 07:50:08,12.18,125.51,84.99,88.0,68.0,12.44
atherton,au,2018-07-27 07:20:00,53.52,-2.49,69.8,64.0,20.0,2.24
chokurdakh,ru,2018-07-27 07:50:08,70.62,147.9,40.26,76.0,68.0,12.1
ossora,ru,2018-07-27 07:50:09,59.24,163.07,56.55,96.0,12.0,7.96
san juan,us,2018-07-27 07:00:00,14.6,121.03,80.6,100.0,90.0,5.82
adelaide,au,2018-07-27 07:00:00,-34.93,138.6,66.2,45.0,0.0,10.29
hofn,is,2018-07-27 07:50:10,64.25,-15.21,51.6,100.0,56.0,1.59
san quintin,mx,2018-07-27 07:00:00,17.54,120.52,87.8,74.0,20.0,9.17
okato,nz,2018-07-27 07:50:11,-39.19,173.88,53.31,100.0,88.0,18.37
esperance,au,2018-07-27 07:00:00,10.24,-61.45,77.0,94.0,20.0,5.61
mamou,gn,2018-07-27 07:50:11,10.37,-12.08,68.43,99.0,92.0,3.38
anuradhapura,lk,2018-07-27 07:50:11,8.34,80.41,93.0,48.0,12.0,18.37
galveston,us,2018-07-27 07:35:00,40.58,-86.19,64.4,87.0,1.0,4.7
vaitape,pf,2018-07-27 07:50:12,-16.52,-151.75,79.59,99.0,48.0,16.13
namibe,ao,2018-07-27 07:50:12,-15.19,12.15,66.99,100.0,56.0,3.49
itaituba,br,2018-07-27 07:50:13,-4.26,-55.99,72.57,99.0,56.0,2.82
maragogi,br,2018-07-27 07:50:13,-9.01,-35.22,72.66,93.0,100.0,8.63
praia,cv,2018-07-27 07:00:00,-20.25,-43.81,55.4,82.0,0.0,4.7
kita,ml,2018-07-27 07:00:00,35.76,139.74,82.4,65.0,75.0,12.75
yeniseysk,ru,2018-07-27 07:50:14,58.45,92.17,68.43,66.0,44.0,3.38
nanortalik,gl,2018-07-27 07:50:14,60.14,-45.24,37.74,100.0,92.0,1.7
belapatfalva,hu,2018-07-27 07:50:15,48.05,20.37,79.23,69.0,36.0,4.61
anastasiyevskaya,ru,2018-07-27 07:00:00,45.22,37.89,87.8,55.0,0.0,4.47
lumphat,kh,2018-07-27 07:50:15,13.5,106.97,81.93,85.0,88.0,2.82
tallahassee,us,2018-07-27 07:35:00,30.44,-84.28,77.0,100.0,75.0,3.04
talnakh,ru,2018-07-27 07:50:16,69.49,88.39,53.04,73.0,92.0,3.71
pandan,ph,2018-07-27 07:50:16,11.72,122.09,76.53,100.0,92.0,12.33
lodwar,ke,2018-07-27 07:50:16,3.12,35.6,84.99,42.0,8.0,6.62
raudeberg,no,2018-07-27 07:20:00,61.99,5.14,73.4,56.0,0.0,6.93
khandyga,ru,2018-07-27 07:50:17,62.65,135.58,67.89,46.0,76.0,3.04
pimenteiras,br,2018-07-27 07:50:17,-6.24,-41.42,74.46,63.0,48.0,12.77
erzin,ru,2018-07-27 07:20:00,36.95,36.2,87.8,52.0,40.0,8.05
rapid valley,us,2018-07-27 07:15:00,44.06,-103.15,60.8,72.0,40.0,6.93
riyadh,sa,2018-07-27 07:00:00,24.63,46.72,102.2,9.0,8.0,28.86
farafenni,gm,2018-07-27 07:50:18,13.57,-15.6,80.04,76.0,0.0,5.06
clarence town,bs,2018-07-27 07:00:00,-32.59,151.78,60.8,51.0,0.0,5.82
oranjemund,na,2018-07-27 07:50:19,-28.55,16.43,59.16,99.0,80.0,11.32
kawalu,id,2018-07-27 07:50:20,-7.38,108.21,80.4,36.0,0.0,3.04
gambissara,gm,2018-07-27 07:50:20,13.24,-14.31,77.97,92.0,88.0,5.17
chicama,pe,2018-07-27 07:00:00,-7.84,-79.15,62.6,93.0,90.0,8.05
grand-santi,gf,2018-07-27 07:50:20,4.27,-54.38,72.3,100.0,80.0,2.37
antofagasta,cl,2018-07-27 07:00:00,-23.65,-70.4,57.2,71.0,90.0,5.82
nalut,ly,2018-07-27 07:50:21,31.86,10.98,102.36,21.0,12.0,7.74
vetlanda,se,2018-07-27 07:20:00,57.43,15.09,78.8,44.0,0.0,6.93
tambovka,ru,2018-07-27 07:50:22,46.93,35.45,89.67,58.0,0.0,5.84
bucerias,mx,2018-07-27 06:46:00,20.76,-105.33,82.4,94.0,90.0,2.15
zagan,pl,2018-07-27 07:30:00,51.62,15.31,77.0,69.0,0.0,4.7
inirida,co,2018-07-27 07:50:23,3.87,-67.92,70.14,100.0,92.0,3.38
verkhnevilyuysk,ru,2018-07-27 07:50:23,63.45,120.31,57.81,97.0,92.0,5.39
qiongshan,cn,2018-07-27 07:00:00,20.01,110.35,77.0,94.0,75.0,8.95
severo-kurilsk,ru,2018-07-27 07:50:24,50.68,156.12,55.2,97.0,92.0,4.16
alamosa,us,2018-07-27 06:52:00,37.47,-105.87,55.4,82.0,1.0,5.82
wawa,ca,2018-07-27 07:50:24,9.9,4.41,80.94,96.0,48.0,8.75
brigantine,us,2018-07-27 07:12:00,39.41,-74.36,75.2,94.0,1.0,4.7
sosnovo-ozerskoye,ru,2018-07-27 07:50:55,52.53,111.54,62.22,75.0,36.0,10.42
piacabucu,br,2018-07-27 07:50:55,-10.41,-36.43,70.59,100.0,92.0,6.85
cowra,au,2018-07-27 07:50:55,-33.84,148.69,44.04,88.0,0.0,2.59
ilhabela,br,2018-07-27 07:50:56,-23.78,-45.36,69.42,99.0,20.0,8.19
burley,us,2018-07-27 06:53:00,42.54,-113.79,73.4,45.0,1.0,6.93
xining,cn,2018-07-27 07:50:56,36.62,101.77,77.52,50.0,8.0,8.63
vir,si,2018-07-27 07:30:00,46.15,14.61,69.8,82.0,20.0,1.12
chaupal,in,2018-07-27 07:50:17,30.95,77.59,68.34,88.0,80.0,1.36
vestmannaeyjar,is,2018-07-27 07:00:00,63.44,-20.27,50.0,100.0,90.0,17.22
chilca,pe,2018-07-27 07:00:00,-13.22,-72.34,32.0,74.0,0.0,2.48
elizabeth city,us,2018-07-27 07:15:00,36.3,-76.22,78.8,100.0,1.0,4.7
menongue,ao,2018-07-27 07:50:58,-14.66,17.68,68.97,32.0,0.0,3.27
moncton,ca,2018-07-27 07:00:00,46.1,-64.8,68.0,94.0,90.0,9.17
zhezkazgan,kz,2018-07-27 07:00:00,47.8,67.71,86.0,25.0,75.0,20.13
touros,br,2018-07-27 07:50:59,-5.2,-35.46,72.66,100.0,76.0,13.0
tual,id,2018-07-27 07:50:59,-5.67,132.75,80.76,97.0,8.0,11.99
san jose,gt,2018-07-27 07:51:00,15.79,120.99,76.26,99.0,76.0,2.59
north platte,us,2018-07-27 06:53:00,41.12,-100.77,57.2,100.0,1.0,3.36
mizan teferi,et,2018-07-27 07:51:01,6.99,35.58,66.36,90.0,92.0,1.36
gilgit,pk,2018-07-27 07:51:01,35.92,74.31,48.09,82.0,100.0,0.58
florianopolis,br,2018-07-27 07:00:00,-27.6,-48.55,62.6,100.0,20.0,12.75
diamantino,br,2018-07-27 07:51:01,-14.4,-56.44,57.81,90.0,0.0,2.93
san mateo del mar,mx,2018-07-27 07:51:02,16.21,-94.98,81.93,100.0,24.0,1.92
borovoy,ru,2018-07-27 07:51:02,63.23,52.89,80.85,53.0,36.0,4.27
gizo,sb,2018-07-27 07:20:00,31.8,34.94,86.0,48.0,40.0,6.93
port macquarie,au,2018-07-27 07:00:00,-31.43,152.91,60.8,63.0,0.0,4.7
moissala,td,2018-07-27 07:51:03,8.34,17.77,80.94,85.0,32.0,8.19
los llanos de aridane,es,2018-07-27 07:30:00,28.66,-17.92,71.6,64.0,20.0,19.46
santa cruz,cr,2018-07-27 07:40:00,36.97,-122.03,60.8,82.0,1.0,3.36
mwinilunga,zm,2018-07-27 07:51:05,-11.73,24.43,73.29,38.0,0.0,3.38
hualahuises,mx,2018-07-27 07:51:05,24.88,-99.67,67.71,95.0,0.0,1.59
pioner,ru,2018-07-27 07:00:00,38.89,63.79,89.6,15.0,0.0,20.8
nortelandia,br,2018-07-27 07:51:06,-14.45,-56.8,55.47,86.0,0.0,2.48
krasnyy chikoy,ru,2018-07-27 07:51:06,50.36,108.75,60.51,80.0,76.0,2.82
